{
    "rmse": 0.6899158353987336,
    "mae": 0.5294471683610431,
    "r2": 0.2671463583230286
}