{
    "rmse": 0.6525217298074113,
    "mae": 0.5183482522754594,
    "r2": 0.31029575034839796
}